{
  "item-states": [
    {
      "folded": false,
      "id": "mount-assets"
    },
    {
      "folded": false,
      "id": "dd4f60d4-f49f-4c94-a8e5-06f5619e62ae"
    },
    {
      "folded": false,
      "id": "450fdb4a-d270-490f-b69d-1d748353ca61"
    },
    {
      "folded": false,
      "id": "56d2b408-f4d8-4e96-b24e-81606f2ffa41"
    },
    {
      "folded": false,
      "id": "0f3c042d-e0c6-4021-acfe-800b6dbcb4cb"
    },
    {
      "folded": false,
      "id": "20bcb86c-a509-4b47-a31f-305b03e8ed4c"
    },
    {
      "folded": false,
      "id": "60a5072f-c8c4-4d79-86f3-8d8c5c2ca319"
    },
    {
      "folded": false,
      "id": "166d2faa-3cc3-4eb4-990a-1ee835d59131"
    },
    {
      "folded": true,
      "id": "1fa9c8d3-eaab-410d-bbe8-5e0ab2278fcd"
    },
    {
      "folded": true,
      "id": "ef6b7bce-fe5d-4932-a264-6913380b21ef"
    },
    {
      "folded": false,
      "id": "9a6ee9f4-3ca6-45ae-8901-33290b6b0611"
    },
    {
      "folded": true,
      "id": "a751383e-971e-45b2-ae5b-78308c2dac67"
    },
    {
      "folded": true,
      "id": "cac3de65-cb48-464b-87e3-d68d102375c8"
    },
    {
      "folded": true,
      "id": "2670750b-b02d-4200-8c4a-530791b6b883"
    },
    {
      "folded": true,
      "id": "2c2fceb6-b33f-45be-96ab-04346458abc6"
    },
    {
      "folded": true,
      "id": "0d790767-e57f-45c8-b478-a61a79d4c23a"
    },
    {
      "folded": true,
      "id": "6567156d-4e94-4824-ae86-9a0b4973c2c9"
    },
    {
      "folded": true,
      "id": "34e4945d-93bc-467c-8fa0-e288c7ad72b9"
    },
    {
      "folded": true,
      "id": "49f5d2e9-58a6-42e7-9733-17f403c0da22"
    },
    {
      "folded": true,
      "id": "324265b0-292f-48d9-a78a-ab9c15309c48"
    },
    {
      "folded": true,
      "id": "31f0d527-1d98-4892-9531-2732d20eb4f2"
    },
    {
      "folded": true,
      "id": "e0e8a6f2-8e92-4728-9e10-24bbda5a902a"
    },
    {
      "folded": true,
      "id": "d8794a07-1e7f-492e-ac57-3d8f36bfa5f9"
    },
    {
      "folded": true,
      "id": "53567c35-5759-42ff-90e5-a697447e5aef"
    },
    {
      "folded": true,
      "id": "9c5eecbc-968d-4ee8-b0b2-4f4ef5db69b9"
    },
    {
      "folded": true,
      "id": "13285696-2653-4189-84d2-6059c6177737"
    },
    {
      "folded": true,
      "id": "b1466f55-1e2f-4686-a136-bc162737b67c"
    },
    {
      "folded": true,
      "id": "18f8708f-0146-4ccd-9bf5-7b7af080536e"
    },
    {
      "folded": true,
      "id": "f0d876b1-1cdc-4fef-8c6c-01c499818e6e"
    },
    {
      "folded": true,
      "id": "53e53c42-d57b-48d4-b237-54450ed63b62"
    },
    {
      "folded": true,
      "id": "25df43bf-cdab-41ed-8b4f-8d7d8d1e802c"
    },
    {
      "folded": true,
      "id": "229eb906-88b4-46ab-bc78-887907a20d2a"
    },
    {
      "folded": true,
      "id": "ebb39e1f-6bc7-41c4-8407-16cf46497b87"
    },
    {
      "folded": true,
      "id": "bde1910e-e612-4056-b6a9-f622cf269e5e"
    },
    {
      "folded": true,
      "id": "71c4a46d-b2fe-455f-9b5e-738a525ddfa4"
    },
    {
      "folded": true,
      "id": "6c952d99-a2a0-4653-bbf6-88fa0e41ace5"
    },
    {
      "folded": true,
      "id": "8e24f17e-c34e-435c-9a61-fdeef7e7ab82"
    },
    {
      "folded": true,
      "id": "5b001a5a-3876-4cbd-82a2-c0308bdb0caa"
    },
    {
      "folded": true,
      "id": "6588c15e-2ccb-4af9-9820-de84763ae3c6"
    },
    {
      "folded": true,
      "id": "687f1339-5dc8-48ed-a8ab-b4f9a1932bc1"
    },
    {
      "folded": true,
      "id": "dbcf4d52-e754-489f-8eba-a39b50075368"
    },
    {
      "folded": true,
      "id": "d2850cab-4591-4b32-83f1-a36cbd67b753"
    },
    {
      "folded": true,
      "id": "a8ca209b-665e-40cf-ae34-2daf37bde5cf"
    },
    {
      "folded": true,
      "id": "fc167b27-9dfd-4a39-ae6a-5f3fee06cdde"
    }
  ]
}