{
  "version": "1.1.1",
  "windows": {
    "main": {
      "main": true,
      "url": "app://editor/index.html",
      "windowType": "dockable",
      "x": -8,
      "y": -8,
      "width": 1696,
      "height": 1026,
      "layout": {
        "children": [
          {
            "children": [
              {
                "active": 0,
                "children": [
                  "hierarchy"
                ],
                "height": 456,
                "type": "panel",
                "width": 272
              },
              {
                "active": 0,
                "children": [
                  "assets"
                ],
                "height": 439,
                "type": "panel",
                "width": 272
              }
            ],
            "height": 898,
            "type": "dock-v",
            "width": 272
          },
          {
            "children": [
              {
                "active": 0,
                "children": [
                  "scene"
                ],
                "height": 629,
                "type": "panel",
                "width": 995
              },
              {
                "active": 0,
                "children": [
                  "console",
                  "timeline"
                ],
                "height": 266,
                "type": "panel",
                "width": 995
              }
            ],
            "height": 898,
            "type": "dock-v",
            "width": 995
          },
          {
            "active": 0,
            "children": [
              "inspector",
              "node-library"
            ],
            "height": 898,
            "type": "panel",
            "width": 401
          }
        ],
        "type": "dock-h"
      },
      "panels": [
        "hierarchy",
        "console",
        "timeline",
        "inspector",
        "node-library",
        "assets",
        "scene"
      ]
    }
  },
  "panels": {
    "builder": {
      "x": 650,
      "y": 126,
      "width": 516,
      "height": 739
    },
    "project-settings": {
      "x": 662,
      "y": 240,
      "width": 600,
      "height": 565
    },
    "sprite-editor": {
      "x": 582,
      "y": 225,
      "width": 516,
      "height": 539
    },
    "preferences": {
      "x": 542,
      "y": 225,
      "width": 600,
      "height": 565
    }
  }
}